# French* - Norman* - Occitan* - Roman*
latin = {
	alternate_start = {
		NOT = {
			has_alternate_start_parameter = {
				key = special_culture
				value = animal_world
			}
		}
	}

	graphical_cultures = { cleanwesterngfx westerngfx }

	french = {
		alternate_start = {
			OR = {
				year >= 1000
				has_alternate_start_parameter = {
					key = culture
					value = full_random
				}
			}
		}

		graphical_cultures = { frankishgfx cleanwesterngfx westerngfx }
		color = { 0.8 0.8 0.2 }

		male_names = {
			Adalbert_Albert Adrien_Adrian Adémar_Adémar Aimery_Aymeric Alain_Alan Aldebert_Albert Aldéric Alphonse_Alphonse Amaury_Amalric Amédée Ancel André_Andrew Angelbert Antoine_Antonius Archambaud_Archibald Arnaud_Arnold Arnault_Arnold Arnoul_Arnulf Aubry_Aubrey Aymar
			Barthélémi_Bartolomeus Baudouin_Baldwin Benoît_Benedict Bernard_Bernard Bertrand_Bertrand Bohemond Boson_Boson Bouchard_Bouchard Bérenger_Berengar
			Centule_Centule Charles_Charles Clotaire_Lothair
			Ebbon Enguerrand Eudes_Otto Eustache_Eustace Evrard
			Édouard_Edward Érrard Étienne_Stephen
			Foulques_Folke François_Francis Frédéric_Frederick
			Gargamel Gaucelin_Joscelin Gaucher Gauthier_Walter Gauvain_Gavin Gelduin Geoffroy_Godfrey Gilbert_Gilbert Gilles_Egidius Godefroy_Godfrey Guichard Guiges Guilhem_William Guillaume_William Guy_Guy Géraud_Gerald Géraud_Gerard
			Hamelin Henri_Henry Herbert_Herbert Hildebert Hugues_Hugh Humbert_Humbert Hélie
			Jacques_Jacob Jaspert Jaufré_Godfrey Jean_John Josselin_Joscelin Jourdain_Jordan Julien_Julian
			Lothaire_Lothar Louis_Louis Loup_Lupo Léon Léonard_Leonard
			Manassès_Manasseh Mathieu_Matthew Maurice_Maurice
			Nicolas_Nicholas
			Ogier Onfroy Orson_Ursus Othon_Otto
			Payen_Pagan Philippe_Philip Pierre_Peter
			Raimbaut Raoul_Ralph Raymond_Raymond Raynaud_Reinhold Renaud_Reinhold Richard_Richard Robert_Robert Robin Roger_Roger Rorgon Rorgues Roubaud
			Savary Sigismond_Sigmund Simon_Simon
			Thibault_Theobald Thierry_Thierry Thiébaut_Theobald Thomas_Thomas
			Valéran_Walram Valérian_Valerian
			Yves_Ivo
		}

		female_names = {
			Adèle_Adela Adalmode_Almodis Adelaide_Adelaide Adelinde_Adelinde Agathe_Agatha Agnès_Agnes Aléarde Alice_Alice Aliénor_Eleanor Alix_Alice Almodis_Almodis Amelie_Amelia Anne_Anna Antoinette Arsinde_Arsenda Aude Aurengarde
			Béatrice_Beatrice Béatrix_Beatrice Belleassez Benoîte_Benedicta Bérengère Berthe_Bertha Blanche_Blanche Bonne_Bonne Bourgogne Bourguigne
			Cécile_Cecilia Cathèrine_Catherine Charlotte_Charlotte Constance_Constance
			Denise_Denise Douce_Douce
			Echive Eglantine Elisabeth_Elizabeth Emma_Emma Ermengarde_Ermengarde Ermessinde_Ermesinda Esclarmonde_Esclarmunda Euphrosine_Euphrosyne Eustachie Eve_Eva
			Éléonore_Eleanor Élodie_Elodie Étiennette
			Gerberge_Gerberga Gisèle_Gisela Guillaumette_Williamette
			Héloise_Eloise Helvis Hodierne
			Ide_Ida Ida_Ida Ildégarde_Hildegard Isabeau_Elizabeth Isabelle_Elizabeth
			Jeanne_Joan Judith_Judith Julienne_Juliana
			Mafalda Mahaut_Matilda Margot Marguerite_Margaret Marie_Maria Marthe_Martha Mascarose_Mascarosa Mathilde_Matilda Mélisande_Melisende Mélisende_Melisende Mélusine
			Péronelle_Peronella Pernelle_Peronella Perinne Pernette Plaisance_Plaisance
			Raymonde
			Sarrazine Solène Sophie_Sophia Stéphanie_Stephania Sybille_Sibylla
			Tiburge_Tiburge
			Valence_Yolanda
			Yolande_Yolanda
		}

		from_dynasty_prefix = "de "
		grammar_transform = french

		# Chance of male children being named after their paternal or maternal grandfather, or their father. Sum must not exceed 100.
		pat_grf_name_chance = 60
		mat_grf_name_chance = 10
		father_name_chance = 10

		# Chance of female children being named after their paternal or maternal grandmother, or their mother. Sum must not exceed 100.
		pat_grm_name_chance = 10
		mat_grm_name_chance = 60
		mother_name_chance = 10
	}

	norman = {
		alternate_start = {
			OR = {
				year >= 1000
				has_alternate_start_parameter = {
					key = culture
					value = full_random
				}
			}
		}

		graphical_cultures = { normangfx }
		color = { 0.8 0.7 0.1 }

		male_names = {
			Abelard_Abelard Adam_Adam Adelard_Adalhard Ademar Alexander_Alexander Alfons_Alphonse Amaury_Amalric Anfroi Anquetil Anselm_Anselm Armand_Armand Arnald_Arnold Asclettin Aubrey Baldwin_Baldwin
			Bernard_Bernard Berold Bertran_Bertrand Beuves Blayve_Blaise Bohemond Botolf_Botulf
			Clemence_Clement
			Drogo
			Errand Eustache_Eustace
			Faramond Ferant_Ferdinand Filbert Fulk_Folke Fraunk Frery
			Gaillard Gaufrid Geoffroy_Godfrey Gerald_Gerald Gerard_Gerard Gérard_Gerard Geraud_Gerald Gerbert Gervas Giffard Gilbert_Gilbert Godfrey_Godfrey Goscelin_Joscelin Goubert Guntard Guy_Guy
			Haimo Hamelin Henry_Henry Herbert_Herbert Herman_Herman Hubert Hugh_Hugh Humbert_Humbert Humphrey_Humphrey
			Ildebrando_Hildebrand
			Jordan_Jordan
			Lambert_Lambert Lancelin
			Mauger
			Nigel Norman
			Odo_Otto Orderic Osbern Osmond Oswulf Oswyn
			Radolf_Ralph Radulf_Ralph Randolf_Randolph Ranulf Raymond_Raymond Rayner_Rainer Richard_Richard Rou_Robert Roluo_Rolf Roger_Roger Rolland_Roland Roscelin
			Sayer Serlo Serril Sewal Sylvester_Silvester Silvester_Silvester Simon_Simon Stefen_Stephen
			Tancred_Tancredi Torf Turold Turquetil Turstin Tybalt_Theobald
			Walter_Walter William_William Wymund
		}

		female_names = {
			Adelaide_Adelaide Adele_Adela Adelin_Adeline Adelise Agnes_Agnes Alberada Alienora_Eleanor Aline Alisce_Alice Alison Amburga Aubrey Aveis Avelina_Avelina
			Berengaria Busilla
			Clarimond Clemenza_Clementia Constance_Constance Cundo
			Egelina Eleanor_Eleanor Elise_Elizabeth Elysande Emelenine Emma_Emma Emonie Eremberga Ermyntrude
			Felicia_Felicia Flandina Fredesende Fressenda_Fressenda Fressende_Fressenda
			Geva Giselle_Gisela Gohilde Griselda Gundred
			Hadwis Helewisa Heria Herleve Hermessent_Ermesinda Hermine Hugolina
			Ida_Ida
			Judit_Judith
			Lîzabé_Elizabeth
			Lesceline
			Mabel Marie_Maria Matheode Matilda_Matilda Maud_Matilda Mautild_Matilda Maysant Millicent Muriella
			Oriel
			Richenda_Ricarda Rosalind
			Selova Stephanie_Stephania Sibyl_Sibylla Sibylla_Sibylla
			Umfreda
			Valdrade
			Wilmot
			Yolanda_Yolanda Yvon_Yvonne
		}

		parent = french

		from_dynasty_prefix = "de "
		bastard_dynasty_prefix = "Fitz"

		grammar_transform = french

		# Chance of male children being named after their paternal or maternal grandfather, or their father. Sum must not exceed 100.
		pat_grf_name_chance = 30
		mat_grf_name_chance = 10
		father_name_chance = 25

		# Chance of female children being named after their paternal or maternal grandmother, or their mother. Sum must not exceed 100.
		pat_grm_name_chance = 20
		mat_grm_name_chance = 40
		mother_name_chance = 5

		seafarer = yes
	}

	occitan = {
		graphical_cultures = { trueoccitangfx occitangfx }
		color = { 0.75 0.75 0.3 }

		male_names = {
			Adhémar_Adémar Acfred_Alfred Aimeric_Aymeric Alberic_Alberic Albert_Albert Aldebert_Albert Alias_Helias Anfòs_Alphonse Amalric_Amalric Amaneus Ancelmes André_Andrew Archambaut_Archibald Arnaut_Arnold Artau_Artal Aton Audoïn Aymar_Aymeric Aymeric_Aymeric Aznar_Aznar
			Barral Bartoumiéu_Bartolomeus Baudoïn_Baldwin Beneset_Benedict Bérard_Bernard Berenguié_Berengar Bermond_Vermudo Bernat_Bernard Bernat-Aton Bernat-Ezi Bertrand_Bertrand Blasi_Blaise Borel Boson_Boson
			Carles_Charles Clamenç_Clement Centolh_Centule
			Dàvi_David Dat_Theodat Dodon Doumenge Duran
			Ebles_Otto Emmanuèl_Emmanuel Enric_Henry Ermengau Estève_Stephen
			Filip_Philip Ferrand_Ferdinand Florènç Folquet_Folke Francés_Francis Frederi_Frederick
			Garcia_Garcia Gaston_Gaston Gausbert_Gausbert Gautier_Walter Gilbèrt_Gilbert Girard_Gerard Girvais Godafres_Godfrey Gui_Guy Guichard Guigues_Guy Guilhèm_William Guiraud_Gerald Guitart_Gerard
			Ives
			Jacme_Jacob Jaufret_Godfrey Joan_John Jordan_Jordan Jorge_George Josselin_Joscelin Julian_Julian
			Laurènç_Laurence Leon_Leo Loïs_Louis Loui_Louis Lop_Lupo
			Marçau Martin_Martin Matfre_Manfred Matias_Matthew Milo Miquel_Michael
			Nicholaus_Nicholas
			Odon_Otto Otton_Otto
			Pèire_Peter Péire-Arnaut Péire-Raimond Peranudet Pol_Paul Pons_Pons
			Raimond_Raymond Raimond-Berenguié_Raymond-Berengar Rainaut_Reinhold Rainer_Rainer Raolf_Ralph Ricard_Richard Robèrt_Robert Rogier_Roger
			Sancho_Sancho Savarics Simon_Simon
			Tièrri_Thierry Tibaud_Theobald Toumas_Thomas
			Ubald Ubert_Humbert Uc_Hugh Ugues_Hugh
			Vézian Vicenç_Vincent
		}

		female_names = {
			Adèla_Adela Adalaïda_Adelaide Adeltrudis_Adeltrudis Agata_Agatha Aïna_Emma Ainès_Agnes Alaïs_Alice Alienòr_Eleanor Aliç_Alice Almòdis_Almodis Alpaïs Ana_Anna Arsenda_Arsenda Assalhida Ava Azalaïs Azelma
			Bòna_Bonne Beatritz_Beatrice Berenguela Berta_Bertha Blanca_Blanche Brandimena Bregida_Brigid Brunissenda
			Camila Carlòta Caterina_Catherine Cecilia_Cecilia Clara_Clara Clarmonda_Esclarmunda Clemència_Clementia Cloutilda_Clotilde Constància_Constance
			Dolça_Douce
			Eisabèu_Elizabeth Elena_Helen Elisa_Elizabeth Elisabèta_Elizabeth Ermengarda_Ermengarde Ermessentz_Ermesinda Esclarmonda_Esclarmunda Estefania_Stephania Eufèmia Eufrosina_Euphrosyne
			Faidida Filipa_Philippa Filomena Flòra_Flora Francesa_Francesca
			Garcenda Geneviva_Genevieve Gerbèrga_Gerberga Gersenda Gisla_Gisela Guigone Guilheumina_Willhelmina
			Heloise_Eloise
			Ioulanda_Yolanda Isabèu_Elizabeth Isabèla_Elizabeth
			Joana_Joan Juliana_Juliana
			Lúcia_Lucia Laura_Laura Loïsa_Louise
			Mabila Madalena_Magdalena Margarida_Margaret Maria_Maria Marquisa Marta_Martha Mascaròsa_Mascarosa Matilda_Matilda Melisènda_Melisende
			Navar
			Patricia_Patricia Peironèla_Peronella Petronilha_Petronilla Puelle
			Raisenda Raimonda Richènda_Ricarda Rosèla Rosa
			Sança_Sancha Sibilla_Sibylla
			Terèsa_Teresa Tiborg_Tiburge
			Verounica Violent_Yolanda
		}

		from_dynasty_prefix = "de "

		male_patronym = "En' "
		female_patronym = "N' "
		prefix = yes

		grammar_transform = french

		# Chance of male children being named after their paternal or maternal grandfather, or their father. Sum must not exceed 100.
		pat_grf_name_chance = 30
		mat_grf_name_chance = 10
		father_name_chance = 25

		# Chance of female children being named after their paternal or maternal grandmother, or their mother. Sum must not exceed 100.
		pat_grm_name_chance = 20
		mat_grm_name_chance = 40
		mother_name_chance = 5
	}

	roman = {
		alternate_start = {
			has_alternate_start_parameter = {
				key = culture
				value = full_random
			}
		}

		graphical_cultures = { romangfx italiangfx southerngfx trueoccitangfx occitangfx }
		color = { 0.8 0.7 0.2 }

		male_names = {
			Abundantius Abundius Acarius Actius Acutianus Acutius Adauctus Aemilianus Aemilius Aetius_Ezio Agapitus_Agapito alasanctus Albinus_Albino Alexander_Alexander Alexianus Alexius_Alexis Amandianus Amandus Amasianus Amasius Ammianus_Ammianus Anastasius_Anastasius Anatolianus Anatolius_Anatolios Andronicus_Andronicus Angelinus_Angel Anicius Annius Anthemius Antoninus_Antoninus Antonius_Antonius Arcadius Arruns Arruntianus Arsenius_Arsenius Artabasdius_Artabasdius Astius Audax Aufidianus Aufidius Augustanus Augustus Aurelianus_Aurelian Aurelius_Aurelius Aureus Aurianus Auxilius Avianus Avitus
			Balbinus Basiliscus Basilius_Basil Belisarius_Belisarius Benedictus_Benedict Berenicianus Birillus Boethius_Boethius Bonifatius_Bonifacius Brancatius Britannicus Burrus Byzantinus Byzantius
			Caecilianus Caecilius Caelestius Caelianus Caesar_Caesar Caesarius_Caesar Callistus_Callisto Calocaerus_Kalokairos Calogerus_Kalogeron Candidianus Candidus Cantianus Cantidianus Cantidius Cantius Capiton Caprasius Carinus_Carinus Carminius Carus_Carus Cassiodorus_Cassiodorus Cassius_Cassius Castricianus Castrinus Castus Celedonius_Khelidonios Chlorus_Chlorus Christinus_Christian Claudianus Claudius_Claudius Clementinus Clementius Cocceius Columbanus_Columba Commodianus Commodus Concordius Conomerus_Conomor Constans_Constans Constantinus_Constantine Constantius_Constantius Cordus Coriolanus Cornelianus Cornelius_Cornelius Corvinus Corvus Crassus Crescentius_Crescentius Crispianus Crispinianus Crispus Cyriacus
			Danihelus_Daniel Decens Decentius Decimus Decius Deodatus_Theodat Deogratias Diadumenianus_Diadumenianus Diadumenus_Diademenus Diocletianus Dometianus Dometius Domitianus Domitius Domninus_Domninus Domnus_Domnus Donatus_Donatus Dositheus_Dositheus Drusus Dulcinus
			Elgonius_Elgin Emeterius_Emeterius Emmanuhel_Emmanuel Ennodius Etruscus Eugenius_Eugene Euphemianus Euphemius_Euphemius Evellius Expeditus Exsuperius Exuperantius
			Fabianus Fabius Fabricianus Fabricius_Fabrice Facundus Faustianus Faustinus Faustus_Faust Favonius Felicissimus Felix_Felix Ferreolus_Ferruccio Flavianus Flavius_Flavius Florentius_Florentius Florianus_Florian Florius Formosus Fortuniatus Frontinus_Frontinus Fronto Furianus Furius
			Gaetulius Gaianus_Gaianus Gaius Galba Galerius Gallienus Gallus Gaudentius Gelasius_Gelasius Geminianus Geminius Generosus_Generosus Genesius_Genesius Gentilis Gentulius Germanicus Germanus_Germanus Geta Getulius Glycerius Gnaeus Gordianus Gracchus Gratianus_Gratian Gratius Gregorius_Gregory
			Hadrianus_Adrian Heliogabalus Herculius_Heracles Herennius Herodianus Hilarianus Hilarius_Hilarius Honoratianus Honorius_Honorius Horatianus Hostilianus Hostilius Hostus Hypatius_Hypatios
			Icarius Ignatius_Ignatius Innocentius_Innocenzo
			Jacomus Johannes_John Josephinus Jotapianus Jovianus_Jovian Jovinianus Jovis_Jove Julianus_Julian Julius_Julius Junianus_Junianus Junius_Junius Justinianus_Justinian Justinus_Justin Justus_Justus Juventius_Juventius
			Laelianus Laelius Landus_Lando Laudatus Laurianus Laurus Leo_Leo Leonianus Leoninus Leonius Leontius_Leontius Liberius_Liberty Licinianus Licinius Lollianus Lucanus_Lucanus Lucentius Lucidus Lucilianus Lucilius Lucius_Lucius Lupatus Lupicinus
			Macrinus Maesius Maestus Magnentius Magnus_Magnus Majorianus Mamertus Mansuetus Marcellianus Marcellinus Marcellus_Marcel Marcianus Marculus Marcus_Marcus Marinus_Marinus Marius Martinianus Martinus_Martin Mauricius_Maurice Maurilius Maurus Mavortius Maxentius Maximianus_Maximianus Maximinus_Maximinus Maximus_Maximus Melanius Menecratianus_Menecrates Messianus Messius Messus Mesue_Masawaih Moderatus_Moderatus
			Nemesianus Nemesius Nepotianus Nero Nerva Neso Nicephorius_Nikephoros Nicolaus_Nicholas Nicolinus Nonianus Nonius Numerianus Numerius Numidius Nymphidianus_Nymphidianus Nymphidius_Nymphidius
			Octavianus Octavius_Octavian Oderisius_Oderisius Olybrius Opellius_Opellius Opimianus Opimius Opsius Optatianus Optatus Orbianus Orentus Orientus Otho_Otto Oxytheus_Oxytheus
			Pacificus Palladius Pancratius_Pancratius Paschasius_Pascal Pasiphilus_Pasiphilus Paulinianus Paulinus Paulus_Paul Perfectus Perpetuus Pertinax Petronius Philippus_Philip Pius_Pio Pompeius Pontianus Pontius Porcianus Porcius Porphyrius_Porphyrius Portianus Portius Postumus Potentianus Potentius Praetextatus Praetextus Pragmatius_Pragmatius Primanus Primianus Primus Priscianus Priscillianus Priscillus Priscus Privatus Probus Procopius Proculus Prudentius_Prudentius Publius Pudens_Pudens Pudentius Pupienus
			Quadratus Quartinus Quartus Quietus Quintianus_Quintianus Quintillis Quintus Quiriacus Quirinus_Quirinus
			Reverianus Reverius Revocatus Rogatianus Rogatus Romaeus_Romeo Romanus_Roman Romulus Rosianus Rosius Rufinius Rufinus Ruscticianus Ruscticus Rutilius
			Sabbatius_Sabbatius Sabinianus_Sabinian Sabinus Sallustianus Sallustius Saloninus Salvinus Salvius Sanctianus Sanctus Saturninus Sauromates_Sauromates Scaurianus Scaurus Scholasticus Scribonianus Scribonius Sebastianus_Sebastian Sebastinus Sempronius Septimianus Septiminus Septimius_Septimius Sergius_Sergius Servandus Servianus Servius Severinus_Severinus Severus_Severus Sextus_Sextus Silverius_Silvester Silvianus Silvinus Similianus Simplicianus Simplicius Simpronian Sixtinus Sixtus Stauracius_Stauracius Stephanus_Stephen Syagrius_Syagrius Symmachus_Symmachus
			Tacitus Tarsicius Taurinus Taurus Terentianus Terentius Tertius Tertullianus Tertullinus Tertullus Theodorianus_Theodorian Theodorus_Theodore Theodosius_Theodosios Tiberius_Tiberius Titius Titus_Titus Traianus_Trajan Tranquillinus Transquillus Trebonianus Tulius Tullus Turpilianus Turpilius
			Ulpius Urbanus_Urban
			Valens Valentinianus_Valentinian Valentinus_Valentin Valerianus_Valerian Valerius_Valerian Varronianus Varronius Venantius Vergilius Verinus Vespasianus_Vespasian Vetranio Victor Victorianus_Victorian Victoricus Victorinus_Victory Victorius_Victor Vigilius Vinicianus Vitalianus_Vitalinus Vitellius Volusianus Volusus
			Wilhelmus_William
			Xerius
			Zeno
		}

		female_names = {
			Abudantia Adaucta Adeodata Aelia Agrippina_Agrippina Alexiana Amadea Amanda Amantia Ammiana Antonia_Antonia Antonina Aquilia Augustana Aurelia Auria_Oria Auxilia
			Beatrix_Beatrice Berenice_Berenice
			Caecilia Caelestia Caesaria Callinica Candida Cantianilla Caritas Carmina Caspara Cassia Celerina Celestia Claudia_Claudia Claudiana Clementia Cleonice_Cleonice Constantia_Constantia Constantina_Constantina Cornelia Corvina Crispina Crucificia
			Dominica_Dominica Domitiana Domna Domnina Donatia Donatiana Donatilla Drusilla Dulcina
			Emerentia Emerentiana Emerita Engratia Ephesia Eudocia_Eudossia Exuperantia Exuperia
			Fabriciana Fausta Faustina Favonia Febronia Februa Februalia Felicissima Filumena Flacilla Flavia Floria Fortunata Frontina
			Gaia Galeria Gaudentia Generosa Gnaea Gordiana
			Hadriana_Adriana Helvia Hilara Honoria Hortensia Hostia
			Innocentia Iotapa Iovita
			Julia_Julia Juliana_Juliana Junia Justa_Justa Justina_Justina Justiniana
			Lauriana Laurina Leoniana Leucadia Licinia Liliosa Livia Livilla Lucidia Luciliana Lucilla Lysia
			Macrina Maesa Magnia Magnilla Marcella Marcia_Marcia Marciana Marina_Marine Mariniana Martina_Martina Matrona Maxima Maximiana Messalina Minervina Minucia Moderata Modia Mustela
			Nonia Numidia
			Octavia Opella Opitria Orbiana
			Pacifica Palatina Paula_Paula Paulina_Paulina Perfecta Petronella_Petronilla Petronia_Petronia Placidia_Placidia Plautia Plautilla Polla Poma Pompeia Poppaea Praeiecta Prima Prospera Publia Pudentia Pudentiana Pudentilla Pulcheria_Pulcheria
			Quarta Quartilla Quintiniana Quirentia Quirina
			Restituta Revocata Rusticiana
			Sabbatia Sabina_Sabina Sallustia Salonina Salvianella Sanctia Scantilla Scholastica Seraphia_Serapia Serena Sergia Servanda Servia Serviana Severa Severina Sexta Silvia Silviana Simplicia Sixta Sixtina Spadusa Spuria Sulpicia
			Tarsicia Tarsilla Terentiana Theodoriana Titiana Trasilla Tulia Tulla
			Ulpia
			Valentia Valeria_Valeria Venantia Veridia Verina Verissima Vibia Victoria_Victoria Victoriana Vigilantia Vincentia Virgilia Viviana_Viviana Volusa
		}

		from_dynasty_prefix = "de "

		# Chance of male children being named after their paternal or maternal grandfather, or their father. Sum must not exceed 100.
		pat_grf_name_chance = 30
		mat_grf_name_chance = 15
		father_name_chance = 25

		# Chance of female children being named after their paternal or maternal grandmother, or their mother. Sum must not exceed 100.
		pat_grm_name_chance = 40
		mat_grm_name_chance = 20
		mother_name_chance = 10

		disinherit_from_blinding = yes
		used_for_random = no
	}
}